,A,B,C,D
2000-01-01,-0.5213036370936811,0.6174878046114415,0.598408576276065,-0.427201612353574
2000-01-02,-0.2971909232668255,1.1693106485473326,-0.33000390531104196,1.8250451647664543
2000-01-03,-1.8812209047692383,0.46055838018741135,-1.4517965594521263,1.7897708330373054
2000-01-04,-4.0218973568416265,0.9987060355548367,-0.7935577574201769,3.026596769795554
2000-01-05,-4.320116822257013,0.6243821731613104,0.37573922449503416,3.0010056367091114
2000-01-06,-3.742747105231861,-0.25544901157603916,1.2024596008503277,3.873630286313508
2000-01-07,-4.361101615712576,-0.37955559063501093,1.011904590168718,3.6259231056631807
2000-01-08,-4.489550137673006,-0.19180324426436593,2.3226598833408065,2.9882499838389376
2000-01-09,-4.29598221934914,-1.959275861259249,2.1212326435720805,3.342284147597055
2000-01-10,-2.96189556724285,-2.4409082839111917,1.4353128048776296,2.6559328759942495
2000-01-11,-3.128018831639228,-4.168892286131018,0.7815087058484775,2.1172005925390427
2000-01-12,-4.359589017824139,-3.6224382123216348,1.0518576774253816,2.8961445828183647
2000-01-13,-4.146332484873904,-4.7411154632139105,0.6990737822561837,3.9701418951588527
2000-01-14,-3.5910861494029507,-4.547641466946628,1.6362292650352757,4.031745005890428
2000-01-15,-3.5078174391311143,-5.385775616368862,0.9173463007995212,4.8838780585568164
2000-01-16,-3.469174931875639,-4.730325645809461,0.9431726410301092,4.7893997993946265
2000-01-17,-4.105973000538154,-3.772005219160225,0.05582958651311687,4.5944006087761995
2000-01-18,-3.601647172599377,-4.664143345341904,0.2980222412824646,4.9214033144553015
2000-01-19,-3.2074640364355553,-5.948415835673863,1.1859890127878594,5.7133745954797295
2000-01-20,-4.2476104266918995,-4.944489914361983,0.4594032076106145,6.63720897413618
2000-01-21,-2.7551376618927628,-5.49272691374018,1.6349912254343881,5.843120970819152
2000-01-22,-0.8300939778635215,-5.298418775802299,3.3342229894698887,5.962493027785244
2000-01-23,-1.2642867469415306,-4.9337062905797,2.7184426469574223,6.439244906728939
2000-01-24,-0.8261994929174465,-5.901992728878104,2.5032313357342884,6.356742166201909
2000-01-25,-0.9026478624001176,-5.336962198563588,1.0009714330289698,5.670369309032836
2000-01-26,-1.9222269935665568,-6.652966197500972,0.10593690691626279,5.961881314826859
2000-01-27,-0.9363157628778701,-6.191368333962762,-0.8604579607230626,6.136534888738902
2000-01-28,-1.5571633786276249,-6.351395567057635,0.15425026657640795,4.946983175056917
2000-01-29,-0.7737881766111506,-4.156248778671286,-0.42993263238053525,5.008942060028343
2000-01-30,-1.4163110262960563,-4.41508831292479,-0.10552951010471429,7.4377540831509155
2000-01-31,-1.076309459717278,-5.740726449234633,-1.1505551031715364,4.719348874150172
2000-02-01,-1.2211314519102792,-4.4624210579273855,-1.1246931966153617,4.445906357940903
2000-02-02,-2.0898043483868802,-2.6835269351358484,-1.385398565940837,3.6000434742354375
2000-02-03,-3.2726020018485227,-3.490783006269371,-4.098019624276411,4.2720014567407585
2000-02-04,-3.4363749534769514,-3.433285101964903,-3.022367469442079,2.6157216954284803
2000-02-05,-3.4232680255946915,-3.2148586636502423,-3.5772914385263874,2.235265487619472
2000-02-06,-2.863734517011668,-3.862846695697419,-4.273699302443193,0.7998939474342728
2000-02-07,-3.1676689860767513,-2.6866422150178257,-3.655497742712577,0.29093935027290385
2000-02-08,-2.0560819079143315,-1.2250726292397842,-3.139701391500304,0.2709204746554513
2000-02-09,-1.5962441006212489,-1.6675554371334227,-2.875571115103731,0.7546606218316958
2000-02-10,-1.2620127972678516,-0.7862813048508351,-2.7980710862114773,1.2447124530310176
2000-02-11,-0.8204875628413282,0.14275440010401386,-1.6120849363912952,3.2669868921867353
2000-02-12,-0.5640163514602575,-0.10572504300251281,-3.3113083776371557,2.9852783293067127
2000-02-13,-2.235527518542653,0.08127591636986525,-2.5391788758430796,2.9255542709324707
2000-02-14,-3.588372704827526,0.7562282307691104,-0.8128040659129998,1.6761675995518757
2000-02-15,-3.5652511038210966,0.8116947583617671,-1.7878544173472668,0.24359608501235352
2000-02-16,-4.666217693994975,0.09257654075202615,-1.1000379037889902,1.065067041614547
2000-02-17,-4.187334274227968,-0.9272652301921765,-2.777292881243765,0.37371454278951544
2000-02-18,-3.7597826756328354,-1.0249596916526649,-3.3016232605535807,-0.6920957028217656
2000-02-19,-4.912818005005613,-2.3216754182172465,-4.405186069745817,-0.7933997199097622
2000-02-20,-4.9645722064021935,-4.67897135791269,-4.56357432990079,-1.7512387086036099
2000-02-21,-4.09448107716841,-4.085031324842316,-3.933748145155424,-0.18832717585585534
2000-02-22,-4.013444222052568,-3.0884978124762164,-2.785225911472497,-0.2674424968284939
2000-02-23,-3.744509365187655,-3.4646204450658122,-1.006587346930924,1.47355069384508
2000-02-24,-3.816564002974768,-2.6738590882237885,-0.06657971838526855,2.231847827638061
2000-02-25,-3.620742110458018,-3.956023587113452,1.485871856219848,2.585101637752675
2000-02-26,-3.3506156413936825,-3.585741276902069,2.0788546419951173,3.0934387582929372
2000-02-27,-3.154657492428011,-4.273232399872587,1.7092160882742975,4.121397162653507
2000-02-28,-2.504414143180366,-3.1692735205368567,2.192294558132649,2.503778717693095
2000-02-29,-1.2306850401683953,-2.6279971740463757,2.7868287050945004,1.0290673463217404
2000-03-01,-1.2314442537694117,-1.8897759725362429,2.020445540041357,-1.4690626633702741
2000-03-02,0.3732203524462021,-0.8428358312846536,2.270346390385938,-1.8166713685334441
2000-03-03,1.1258965532648932,-0.37014418685278644,2.5087104347249345,-2.026112570747019
2000-03-04,1.2655475766164528,0.019449884454287247,4.173257938201653,-1.9300637938115637
2000-03-05,1.9975576529780898,1.3708018204599595,3.696515274542401,-1.9398625225302888
2000-03-06,2.6147700715629583,1.2256513933826856,3.1177849863506575,-1.0615848368672784
2000-03-07,2.787466327299064,-0.39285060271988503,3.1460669391115044,-1.0121899786942616
2000-03-08,3.7473224363145787,-0.8103456935587721,4.767457991092661,-1.6868763344451543
2000-03-09,5.267345616272692,1.3877308254023157,6.815725958078813,0.22355580430745525
2000-03-10,6.123524727474227,1.87798622965522,6.250744829793007,2.2910667672626746
2000-03-11,4.959575827034384,2.8719918460097045,7.0253770786017125,1.3539354444449918
2000-03-12,6.021878139688634,0.555662290942192,6.207996833414578,1.306773433075286
2000-03-13,4.895676594894786,-0.27327726246459183,6.596814286362701,0.7308203813371593
2000-03-14,7.357907921356304,2.030761606967033,6.9357990260031785,1.0092059200429948
2000-03-15,7.856107339921524,2.304334012569933,7.517347933242689,1.288286369766189
2000-03-16,7.809521380841589,2.4144530087168836,7.90092798150452,-0.29800301515158356
2000-03-17,5.962456622760599,0.6018914202701633,7.0508116408778125,1.1270549898197335
2000-03-18,5.140287209317581,0.9306995644755203,6.968644834345092,1.7037355186945589
2000-03-19,6.3191692464568945,1.54518741725686,7.172415858313495,1.1087063875140055
2000-03-20,8.181411982103011,0.8666209090852297,8.790576130966029,0.7705726705148055
2000-03-21,5.9568440926247455,0.9421931422950123,10.642219062464637,0.6687816090921783
2000-03-22,7.950493580734955,1.679438937785171,10.293760122563668,0.29577650853524534
2000-03-23,9.344562653313819,1.1171957436378595,9.948428463876365,0.4967074486703925
2000-03-24,9.067869281079682,1.1098288413535449,10.904663185065708,1.9943086303513762
2000-03-25,9.267860171694451,0.9514567155415332,10.335377344322458,1.8227379752915105
2000-03-26,10.004832553261421,-1.2121537444994284,10.075633027225889,0.8782052133800804
2000-03-27,10.079038822587886,-1.0852271457789604,9.282445220977383,2.3791617143571653
2000-03-28,10.446147700617704,-0.34344021482509357,8.913587931146951,2.9598926024369887
2000-03-29,10.653718480309518,0.7535307640398728,8.613000587818116,2.1326099544202783
2000-03-30,11.458313744374736,1.5067064241295078,8.652592424450912,1.9576937119540467
2000-03-31,11.80519811814765,0.2618072233279882,11.096146251587244,3.02138043566775
2000-04-01,11.878308794524411,-0.39810683104755074,10.219588621725752,3.053336192902005
2000-04-02,11.860152678799114,-0.996890856147751,11.031699513022156,3.5563674610173006
2000-04-03,11.060687960542348,0.40696969920077386,9.319385301719562,4.8775535669083485
2000-04-04,9.154929764631788,0.32067415332432814,9.027569842162562,5.485025962475454
2000-04-05,9.777014295793961,0.987074372052998,9.196406007325209,6.34367135527437
2000-04-06,10.193977481606188,0.11151784625465633,9.368791046849877,8.087805671105214
2000-04-07,8.160827883266116,-1.4774791321900702,11.220538797403552,7.483438361545279
2000-04-08,7.093667875104158,-1.8415528847119653,10.860812106909178,6.101827233020767
2000-04-09,9.002767271004073,-2.220077716052822,9.820819768296536,4.180519647729036
2000-04-10,8.102229283430447,-1.9871471687651552,9.756715229161587,4.0114691249811525
2000-04-11,8.84533204519034,-1.377272358978247,12.570627520487372,3.6793944258046296
2000-04-12,7.913795472698574,-0.4783319152538048,12.640796427628771,3.225643238826604
2000-04-13,7.181083850055594,0.40742803167407804,12.604165826864165,2.108248576928223
2000-04-14,6.329110714647191,-0.296533222561011,11.99331833033014,2.5594473382186784
2000-04-15,5.150910553492508,-0.07492867862522162,12.905107093385272,1.7354167561135516
2000-04-16,6.523773879615107,-1.5594209862021706,12.09657161708522,2.173203233920873
2000-04-17,8.333028808176788,-2.73192657173331,10.53256643582977,2.472512595021718
2000-04-18,9.626748345358603,-3.043070945008542,10.781444144169068,2.1907903492892067
2000-04-19,8.989874989761475,-4.131213597472719,9.94628530804686,2.831335586748332
2000-04-20,7.989000962032166,-3.0413611227121415,9.704614733151454,2.275227243440729
2000-04-21,7.7535023281391595,-2.4930692878490066,8.540678884007463,1.2255398236635513
2000-04-22,5.285237531626124,-2.0403546367327685,8.536261018725211,0.7766653533032576
2000-04-23,4.499156218278235,-3.748900978889848,8.235920005024601,3.72175045520636
2000-04-24,4.648215903525287,-3.4750760099039706,7.456591715984745,2.6186680047603677
2000-04-25,4.46243444022898,-4.332940908778495,8.155398758560267,3.8611496069027296
2000-04-26,3.9487883473709644,-2.344987694783502,7.424089320990299,4.265379959104706
2000-04-27,5.681642141844074,-2.811812315580431,7.096260804601366,4.435732253627207
2000-04-28,5.808380708374428,-2.531564342394572,8.701685851884069,3.1595851139492366
2000-04-29,4.428170548805061,-3.7091956398134944,7.750311459418499,2.7021355673903145
2000-04-30,3.0899254077274914,-2.396810532183892,9.359072680062532,4.480868977662302
2000-05-01,3.684554906427145,-0.9720394698928556,9.3374199397961,3.8177165079902293
2000-05-02,3.5251321880042013,-0.6080117331503406,9.992421325458263,4.320882904780357
2000-05-03,4.427329488949825,-1.7002215539228995,9.149194493907778,2.960561841465931
2000-05-04,6.302414838711561,-1.0196325006507414,9.66828553179567,1.9225056924312653
2000-05-05,5.2187489101396105,-1.898250095128874,8.92431255116345,1.027273597925106
2000-05-06,5.508594688597162,-2.75294019248433,8.858346701195536,2.6430761509721217
2000-05-07,5.327601503771594,-2.5641528048639435,7.944463491700563,2.328629903295248
2000-05-08,4.3937029752589645,-2.247830400341177,7.704986418031953,2.264691555787524
2000-05-09,5.298520644523156,-0.24149674990914072,7.4500616570365965,2.050874478628027
2000-05-10,5.6146839574192775,-2.271556081704728,6.306297014299872,2.055853553496097
2000-05-11,5.203340959659844,-1.767400309554874,5.382433526897287,3.1792311531725144
2000-05-12,6.193908748778325,-0.7372506515429147,3.3346571422809594,4.837584965689121
2000-05-13,7.413555696513105,-0.22937498439258452,3.142417865113343,5.837437006707945
2000-05-14,8.20332652378005,-1.541600556884663,2.838853173413398,6.325697972140783
2000-05-15,9.482185386824233,-2.200556476449852,2.3861932435629605,4.520944522242267
2000-05-16,9.871430349543278,-2.278208834700565,2.608662292229641,5.070517333765384
2000-05-17,8.641414635691286,-1.9849336545423892,3.3614357865529474,6.322055592074882
2000-05-18,9.653089366789597,-2.593499779960415,4.14945957573847,5.645227337251328
2000-05-19,8.505684700874513,-2.4793233452213963,3.77794512418659,4.729597408183856
2000-05-20,7.4988731093649355,-2.772165556171205,4.023310068344826,4.680043572592755
2000-05-21,7.872577833616595,-1.920069733943106,5.203828903544123,3.7477120557711308
2000-05-22,6.264382274198359,-1.7886024886677825,4.729145897291844,2.6818051669556446
2000-05-23,5.989991323163774,-1.1887042499828242,4.221747974450337,2.496944058396018
2000-05-24,6.655317776097468,-1.719311639457027,3.1227327557319065,3.3076189647910046
2000-05-25,6.847970130361778,-2.6520560783888993,4.147179363767416,4.202276135317473
2000-05-26,6.199009616024874,-2.4784847544496227,4.011819371826616,4.731906751928612
2000-05-27,6.440948496983115,-2.6079540031985906,2.1605575243626554,5.239366182805675
2000-05-28,7.464780067454351,-4.033446103488846,4.158677601023975,5.829923599980727
2000-05-29,8.021630996389643,-4.41993489477217,5.133586401445786,7.332809601528444
2000-05-30,8.072715418490583,-5.011956475105581,4.409717518132921,6.211608919188467
2000-05-31,8.689002007181069,-4.13184335981155,5.418284362339724,7.283202951555314
2000-06-01,8.737071127647669,-4.442453634690641,5.010914231798364,7.255941332962307
2000-06-02,6.653728720484571,-4.106578375180016,6.276083441500214,7.710507044081385
2000-06-03,6.114795614823832,-4.451046713724671,5.714315788587125,7.317376772522602
2000-06-04,6.635747265794088,-5.215955868574517,6.400418312414603,6.544665680394349
2000-06-05,6.464907393728943,-6.34257890234337,6.515836401371565,5.810074632530072
2000-06-06,7.650663381127618,-5.555978374285953,7.845646201920814,3.977096098785576
2000-06-07,7.79155608261092,-4.996241074344567,8.112428730468897,1.3789574253808352
2000-06-08,6.2341018325298245,-5.943140681121369,7.530949121614739,1.6711436057399989
2000-06-09,8.372959558577698,-6.646700900568677,7.655492561687315,3.800648094221574
2000-06-10,7.309560167454974,-5.9483575645162485,8.50136507853242,2.9102778775650524
2000-06-11,7.363194298690411,-6.2182228194591485,6.710946710910802,2.883657050291565
2000-06-12,8.292389569293844,-5.772299986649683,6.396273213889367,2.599345462291784
2000-06-13,9.842738524767698,-6.799446208532946,6.5017428709322935,2.594855284382766
2000-06-14,8.387624037719272,-6.864476470763495,8.392776658393315,1.4452003811306107
2000-06-15,9.600966237304343,-7.380518885988197,8.075363564695225,2.935622580394108
2000-06-16,8.160631485219687,-6.108258797475209,8.13595195510464,2.9069552123017335
2000-06-17,8.235523938637247,-5.905598000466173,8.319343288300383,2.404149173014641
2000-06-18,7.841437570647106,-5.9907274056339626,6.951982546724334,1.9265483499282947
2000-06-19,7.401387873962023,-5.842161892067431,7.135616908175867,2.171512141957483
2000-06-20,6.695674126690786,-6.226223100587728,6.547660268087791,1.285197630627041
2000-06-21,6.4188488790542655,-5.934001703800314,6.592163868335932,4.825141766066786
2000-06-22,8.598516605240023,-7.673080809052546,6.190448220776479,4.984518642063234
2000-06-23,8.894048956512346,-8.61122730942517,4.850812825545005,3.143335523009437
2000-06-24,10.324745096678038,-7.724570470400311,5.448622023853418,3.60924363588061
2000-06-25,10.224347679977312,-7.901016464127095,4.885835109454869,4.031965735811819
2000-06-26,11.137941744213816,-8.736796784525573,4.842424956639643,3.2669945216455827
2000-06-27,10.78451777929047,-9.835970811351219,5.769586895451236,2.4277167286026833
2000-06-28,9.970776940009122,-9.050062154991304,5.171928836877816,2.553043678826486
2000-06-29,11.829999942000956,-9.731121628594954,6.865236043715815,1.825943577588871
2000-06-30,11.147973392017311,-11.324902724436487,7.01242519992401,1.2427560585090278
2000-07-01,10.50922990236195,-11.73836487450804,7.94392579651111,0.47975619644025347
2000-07-02,8.55088117857921,-12.30855700907021,7.383049529750655,-0.19142505777020946
2000-07-03,9.266942344735401,-11.41520177383199,7.330141934692119,-0.014878357853979562
2000-07-04,8.051610168602789,-8.893276656935953,7.373055516989295,0.46652916368157177
2000-07-05,8.323380511873895,-8.98086275354307,6.436197317105759,0.0022216732937802575
2000-07-06,7.727998766003005,-9.341529045845395,7.158576154922061,1.3150029765446287
2000-07-07,8.88815425035823,-8.569750900117867,6.616949485664488,1.7740832513448899
2000-07-08,9.053092792815946,-8.592097169549213,7.9348512866180325,3.6158190764080094
2000-07-09,9.111307043579208,-8.815367897029775,7.501236869993901,3.430516965786234
2000-07-10,11.557437178673016,-7.164727527930427,7.732958905824642,4.519467658356844
2000-07-11,10.872443617514884,-6.503366072760291,8.784672434388622,4.712325628031215
2000-07-12,10.715923603916766,-5.5043110983506365,9.376601321657366,5.727224771008975
2000-07-13,10.53050138450811,-4.97441878947278,9.746610226833571,5.085452691742329
2000-07-14,9.335238017757094,-3.1773743701842903,11.774628682462524,6.0756620421236445
2000-07-15,10.188255384044634,-1.855516450362877,13.070012178923136,5.122695856394125
2000-07-16,10.345814405109733,-1.0068198095547531,13.201582231933466,5.02157277258729
2000-07-17,9.40581669526582,-0.8725740358765384,13.655252737278666,6.209592276521973
2000-07-18,7.802660168916761,0.8159753803808982,13.306186924535675,7.867081758514197
2000-07-19,6.617703845067991,1.2725655645666751,13.907530502467148,7.279605602983735
2000-07-20,6.5416267397265955,1.9470142775268804,14.678471704628427,7.362120259519313
2000-07-21,7.870845833708394,2.1849196686961383,15.017776592976364,6.713193094305836
2000-07-22,6.374352917382874,0.7793715290394634,17.578767073388033,7.630173876708664
2000-07-23,6.903446657723643,-0.5346322623898903,17.122111943719553,8.378003997649067
2000-07-24,8.206640125078255,-1.1803029320521023,18.176052024374005,7.719598128877657
2000-07-25,8.321311201940837,0.15431625311922081,17.61789109029869,7.59676699196004
2000-07-26,6.005753310173198,0.9142571116223915,15.642768651394004,7.068203773802274
2000-07-27,5.960175672148533,1.2005575793925458,15.44106260138803,6.847980718275131
2000-07-28,6.68374256117307,3.1386039630473523,14.30851168768795,6.143593114173274
2000-07-29,6.2443749497834835,2.3521270780417085,11.477010813381465,6.307550814295307
2000-07-30,6.797969881215863,1.9795262333207508,14.220456083701539,5.128935789474024
2000-07-31,6.6437582780015845,2.801799514808984,12.937473559197223,6.561722122884418
2000-08-01,9.240400319477075,2.274102561424567,11.856343113185455,6.773732439889284
2000-08-02,10.639414601439338,2.397024310636799,13.744797704483815,7.00429206088017
2000-08-03,11.570982528656893,3.2024727264717874,13.87178351253341,6.069568457324774
2000-08-04,12.355907247893928,3.6324849703210482,13.697267213931612,4.690600400996013
2000-08-05,13.232948525310883,3.869758093277376,14.092113400717107,4.503367468007091
2000-08-06,13.588740341089952,5.7030870600109145,13.4652850522452,2.4167774097680876
2000-08-07,13.860380079147404,5.3503573907857245,12.852823646168291,3.42861087159061
2000-08-08,14.288874273755454,3.80997965668445,13.975681554319424,2.8184101354408657
2000-08-09,13.603159546418963,4.29191378674334,14.77758455873946,1.3544318633602794
2000-08-10,13.590570679750009,5.362116348682493,15.184350809675996,0.5011978215871448
2000-08-11,14.06812962291909,4.085174073493297,14.375969408545656,1.9863524764048868
2000-08-12,13.024394939192284,2.798739175358067,14.342432777642209,1.0020758676097823
2000-08-13,14.442855561685281,2.772586683467905,14.582106333856649,1.2019776169482181
2000-08-14,14.319344381821928,2.8399614809904574,16.178333880398444,-0.6994984402879021
2000-08-15,14.851369441634885,4.4687149220608555,17.67653638426031,-2.2611912235023652
2000-08-16,16.291467420976907,4.816807031266195,16.663045623190904,-2.409438483388093
2000-08-17,15.955455467760444,5.345621089723069,17.043892085435207,-1.9067402526940191
2000-08-18,16.78387360051307,6.40448081525293,17.045066848598395,-2.146975094838613
2000-08-19,17.317048524034035,5.880105586426527,16.233714181722814,-0.6490879091721591
2000-08-20,18.478480710194912,6.137324591280042,16.264941503428204,0.7686881233944662
2000-08-21,18.31642759293412,4.547476527458393,14.553675407559732,0.5655189735360658
2000-08-22,18.4397625364852,4.9922123650768855,14.781044242982366,1.2965975707819342
2000-08-23,20.02523935392319,5.8846503563963575,14.502190063340276,2.627302612619368
2000-08-24,19.108403511353796,7.112475562821075,16.03140931309629,1.9791020653927944
2000-08-25,20.301227854355318,6.713881016661192,16.252810055014898,0.2710621102666009
2000-08-26,22.278769726088072,9.354534116687418,15.210947009050923,-0.4107535499366025
2000-08-27,22.064119852495224,10.723573659664687,14.800629949078589,0.20235401672356357
2000-08-28,20.753895934265813,10.137059135294283,15.688067806585993,-0.32782096293701124
2000-08-29,20.585804348492346,11.32342587350259,17.475158595101785,0.024448659367017456
2000-08-30,20.478888788767737,12.9742300731893,16.300256986224454,-1.1413810118202523
2000-08-31,21.122869086325878,11.045413014541996,16.924150085856333,-2.8487534797522205
2000-09-01,21.1642331654426,12.295914613836057,16.81054468051069,-2.0966469781257686
2000-09-02,19.6071213770153,12.083292000516174,16.091994556863316,-0.1500694648561931
2000-09-03,20.268834445085243,12.863902802590447,16.103926062263767,-0.8227166367857739
2000-09-04,20.40926007076151,12.590160038475945,15.849457506818434,-2.649480959075194
2000-09-05,20.033439514206616,11.697841155187822,14.854812726091788,-4.2809605152160835
2000-09-06,21.902930417075556,13.30491667303441,14.513847657959959,-5.860935908821664
2000-09-07,21.645915852230598,13.738419428572081,13.931252664717398,-4.94999967942739
2000-09-08,22.349695652618777,13.045049519844474,13.122505445588109,-4.963859026077797
2000-09-09,23.36856089855803,10.910460457044463,12.30885318488924,-4.757526199739998
2000-09-10,23.479102123507605,10.445163257542957,12.93039639527454,-5.162163868790868
2000-09-11,23.829669719291743,10.028513355369896,12.342806639262976,-4.017560497947603
2000-09-12,23.73414361998345,10.109051693793457,12.878319398276528,-2.7341785478511516
2000-09-13,24.12244046360437,9.69580348460489,13.48891596440786,-3.5683012282928877
2000-09-14,24.345423410596265,10.697083261738147,13.259365145606417,-3.35722522553068
2000-09-15,25.215952228510645,11.087317434885298,13.189148057837095,-3.640905245906913
2000-09-16,24.241964102534297,11.25686855272445,14.569538029340276,-2.0870096453588936
2000-09-17,22.954320138012363,9.696503458223315,15.101226603212796,-2.075113170608657
2000-09-18,22.698058836206815,11.116680406788955,14.25780576604788,-1.6698356237764211
2000-09-19,22.086263882201948,10.851626461982562,13.366225803042763,-0.9739063828500106
2000-09-20,23.225127082201872,10.982436776582205,12.644679534123393,-1.0226078751861694
2000-09-21,22.58751303245366,12.20039369545604,12.758628256485697,-1.6130723847449704
2000-09-22,22.8138680158372,11.909510637643997,11.685091065519948,-0.7950030968388064
2000-09-23,22.337646372503908,11.11321991582365,11.176561443152789,-1.6963158309610205
2000-09-24,22.713609585331284,11.363583940385706,10.519494439721806,-1.0469038598134583
2000-09-25,21.405345316115888,11.598234765722403,9.735820401607294,-1.6634167251458996
2000-09-26,22.518855596769598,9.809199353893163,10.31675961608142,-0.4201860548731886
2000-09-27,21.25466779843121,9.44877557134674,9.647769306015462,0.6959474501106009
2000-09-28,20.92970466595303,9.660033331575306,10.322054244037657,-0.11113500828579159
2000-09-29,22.280622072572278,11.660386066124913,10.623932706384073,1.6501419646656315
2000-09-30,23.671105925232975,11.043804980999322,11.143941418113547,-0.2532728687803165
2000-10-01,23.084961373169964,12.594142869808994,10.368816327719033,-1.0826305328086583
2000-10-02,23.519000342784757,13.122310286868254,10.296618880492723,-2.7606486980011455
2000-10-03,24.96418876081846,13.113999871310712,9.713357873455847,-2.515196930104215
2000-10-04,24.27279026131048,13.315851616909239,10.12890377488817,-3.4966862583590865
2000-10-05,25.72140227072669,12.732819504495065,8.271547608259645,-4.250420664154535
2000-10-06,24.955301013968963,12.316728471222934,7.065972259189439,-3.571691586371984
2000-10-07,25.86788969939255,13.321509949034242,7.096982602247832,-4.50469682912697
2000-10-08,26.49625526757328,15.171127264306437,6.969077101024651,-3.666053016406277
2000-10-09,23.66431845516536,15.655394880137134,8.162186473382922,-3.61342903032327
2000-10-10,24.228132224872144,17.347104049147195,7.223555701300002,-3.356416705904026
2000-10-11,26.123576392754362,18.56758804065743,6.674535447233469,-5.06465372393093
2000-10-12,25.297214470656495,17.847374935414827,7.839749562450419,-4.042564748447972
2000-10-13,25.791449854350482,18.17257067871178,8.37845071542091,-3.9042701055253355
2000-10-14,25.445853271387453,17.913012023032913,8.326540897178111,-3.970392935064665
2000-10-15,22.02851052382842,16.942441043181763,7.095702605550763,-2.8216363570825616
2000-10-16,21.35977190276433,16.06328454828128,5.6816762742211155,-3.815697615696919
2000-10-17,21.090453168508382,15.539951395709283,5.104467516523705,-3.490311107763862
2000-10-18,21.36745070648816,16.854932379255363,3.0766024453528558,-3.656187702018405
2000-10-19,21.590996464512756,17.996829418588696,2.702911473477851,-3.233780480756316
2000-10-20,21.389687571231153,17.73266122620876,2.689609495817478,-2.2538356845194634
2000-10-21,20.27866988706368,19.35217379149238,1.8434045763094398,-2.1424842071370946
2000-10-22,19.330111271965816,19.530426079552353,0.7482593738837691,-3.445838035009862
2000-10-23,20.15342043533591,19.89224626297082,-0.7271576088524043,-2.9833011111940757
2000-10-24,18.793610740909692,19.621429859410963,0.5116073793155953,-2.2416967717317626
2000-10-25,20.314440790841513,18.390849873997976,-0.43535530895624985,-2.541101316624262
2000-10-26,21.555128552107952,17.909421278053703,0.20359454533993282,-1.8381618075196882
2000-10-27,21.22121733567365,17.748829372166195,0.606729142586024,-2.5416260807820303
2000-10-28,20.74248643889184,17.524013339383632,1.038607865166967,-2.50784259306177
2000-10-29,21.664906954308925,18.940454970573708,1.1004570661351305,-3.7211779531083433
2000-10-30,20.46454578055646,19.77657965799925,1.674070955245424,-5.618294151339302
2000-10-31,19.356863629982055,21.188477539557173,2.4441248483521534,-5.078769662305428
2000-11-01,19.211592081237256,21.903496766138755,2.262113947276226,-4.190007950482802
2000-11-02,19.783399379068307,23.742879098730338,3.9160716391546226,-4.893544549411958
2000-11-03,19.832339803552863,23.81279733936555,3.006561957819714,-4.974382811422788
2000-11-04,20.552811258327097,24.910163503341888,2.7766045314889833,-3.457603408544294
2000-11-05,20.836734382782424,26.089423908901168,2.920868564508007,-3.560276802398742
2000-11-06,21.329778446109803,25.385966028514122,4.475552332504167,-2.8596747756469525
2000-11-07,22.157380186758154,25.857177551716816,4.299076598538588,-1.3945944286291665
2000-11-08,23.54099592251324,26.696855327173463,1.4401268793117743,-1.0502806651417134
2000-11-09,22.00809595738208,25.719302546739478,1.0211759029108498,-1.167125671370151
2000-11-10,22.820174286676213,25.74798849759365,1.146906275203905,1.0447244284317705
2000-11-11,22.6709185605607,26.926845908619008,1.8207713754816144,0.1059622193882036
2000-11-12,23.220196743775727,27.97029859697706,1.2600667673870354,0.18610559349634154
2000-11-13,25.32505394662375,26.34205594029227,0.3742554107410805,0.2788883847425805
2000-11-14,27.488986366771307,25.507750641456507,-0.47855123367147256,0.7240228596989347
2000-11-15,29.13533950244227,24.509758095055545,0.630531174075988,0.32096162163406555
2000-11-16,28.77771661638567,24.62548242943992,0.30426010111367946,1.9118910084746639
2000-11-17,30.083414596505463,24.441692756252213,1.5247298126703122,1.6381201809992798
2000-11-18,31.654265252318453,24.13000123058994,2.377899266467729,1.8166520443590035
2000-11-19,30.7246212544177,25.43944229113526,2.262814469870437,1.3090481343964533
2000-11-20,30.90730040195608,28.134370128430174,0.8625968978688567,2.0155573958619284
2000-11-21,31.188372399484066,26.140100827445433,1.7828005402722868,2.0989986791981656
2000-11-22,30.081297912339224,26.872768768686896,2.1953441924716253,3.2151616107718537
2000-11-23,32.09426906802138,26.89960621644596,2.9716955719181257,2.5176805249141645
2000-11-24,33.07958691481186,27.27136634652427,2.282374528068263,4.110487591279396
2000-11-25,35.42514361916316,26.602037686833178,2.794341498290377,4.137354543665497
2000-11-26,34.76135787676716,26.01046379468898,0.5286329621681585,3.823902979103379
2000-11-27,34.22391321654453,26.183346552639545,1.710641654291711,2.7178532476213952
2000-11-28,33.94672752363974,24.63822817455448,1.1315602764523403,3.321415262636331
2000-11-29,35.20217368703723,22.693535258535878,1.0257932902964022,4.136813857633595
2000-11-30,35.84780416137632,21.045890047079848,1.118449762058833,5.014757512960905
2000-12-01,35.28678935009235,21.859088463172167,2.515088520897228,4.834336536620471
2000-12-02,36.41308722212953,21.98081047466793,3.437650574325312,4.195790258932134
2000-12-03,36.84365067853402,22.43360174651782,3.064709581556411,4.038876512810987
2000-12-04,36.36247024471774,22.398831608427702,4.686301586853277,5.802152589137032
2000-12-05,36.21589106155371,23.176753098425337,3.212327745658632,6.104157221336613
2000-12-06,38.066643190034725,23.60874280288528,2.698772296075648,5.7847041132785435
2000-12-07,36.782039872153646,22.94388121576765,2.505865784783786,3.5124841733284664
2000-12-08,37.856448801425614,22.92883729924096,3.1002179126420653,2.8287840583256516
2000-12-09,37.28666513456839,22.55289373211965,2.4072756246883156,2.566119183383681
2000-12-10,37.14301471860226,20.541121389414855,3.845367553065858,2.4788830305123297
2000-12-11,36.35995873034639,20.406376584147374,1.9151165932724274,3.1377994684117794
2000-12-12,35.596242236597526,18.823064127977773,0.724065502029716,2.0644834782136865
2000-12-13,36.675289179384485,18.932557723573417,0.43586713923771325,1.8821314695401334
2000-12-14,37.36268253883728,16.979034918280686,0.2545446968237758,2.430486194405729
2000-12-15,36.37489810759714,15.739317546693805,1.714266834340053,2.7635534798238064
2000-12-16,35.01217181375735,16.79451143925391,2.0394622861867697,3.540820229599081
2000-12-17,33.861327089051585,16.949029232451814,2.2632278925023015,3.4906862673336083
2000-12-18,33.05783313505511,17.313170793879806,0.4090067500629755,4.134598396897224
2000-12-19,33.67800904891723,18.479358521393088,-0.11606368723645288,4.605466216212213
2000-12-20,34.19426638905864,18.10979491269683,1.0710971537345995,4.76009424453765
2000-12-21,35.020862565050784,18.46234365626616,1.9838085522266735,3.9268562266240012
2000-12-22,35.225398197447156,19.184604651781953,2.358790319206575,5.808440712752052
2000-12-23,32.96911203512318,20.086067185724648,1.5338541960630534,5.973270368204788
2000-12-24,32.0996905859651,20.119050234467615,3.638414687550606,6.419401599721563
2000-12-25,33.88575605087644,19.678492633010013,4.0732952640008495,5.804225119698691
2000-12-26,31.715148957967298,19.284918629785505,2.72400264683386,4.921714551988514
2000-12-27,32.38346063983106,20.49343753435274,1.7230542213841482,5.106068205258494
2000-12-28,32.327196489996034,20.85163371797948,1.3545213745646891,5.6011880735847965
2000-12-29,32.078862038855426,21.204478891287028,1.9284634187618754,4.632879075673671
2000-12-30,32.74069998049675,20.42956237790222,2.630179900828492,4.542450056058565
2000-12-31,32.796754231209185,19.45366372789965,3.6018779847878393,5.01971541324451
2001-01-01,33.20529202921847,19.126849905991094,3.4336661878888917,4.830067216877129
2001-01-02,33.00638477153757,19.718741027921304,2.6198846184657296,4.482575925133186
2001-01-03,33.959061976679,21.035914819135158,2.82326903345651,5.063368642865786
2001-01-04,33.97018392942516,21.373290250942354,3.869721747390967,4.931382481993894
2001-01-05,35.96219847632483,20.0520187607056,4.662635947936866,7.5808954754166535
2001-01-06,35.35319010876789,20.160261555539627,4.044091255078534,6.873175419884569
2001-01-07,34.49057681258399,20.114360541453383,3.1525141623906245,6.65524537767584
2001-01-08,35.22493238951957,20.71448774166085,3.5017274563037204,6.1623002038844525
2001-01-09,35.60838095176731,21.244684878822856,3.396271008135989,7.410312842222587
2001-01-10,34.36907656204423,21.068613051308695,4.074488386122705,6.341262845568683
2001-01-11,35.57659265284401,20.79734693296676,4.413293311410763,5.4348368744284254
2001-01-12,35.50101035965829,20.615428167771945,4.359269523629196,7.21503386800688
2001-01-13,35.77110578660101,21.125446005206847,5.057689237511709,7.993683182105095
2001-01-14,35.115845142676676,20.942286956595165,5.26050087397508,7.503979686580619
2001-01-15,35.37727165941897,21.13884402384679,6.565643772251526,7.506756360292767
2001-01-16,34.8089206318705,21.82260257855425,5.747218877481672,7.956084253687107
2001-01-17,35.46539019403073,20.88331246991615,6.409528771927231,7.409709228628836
2001-01-18,34.32251883332202,21.843108683895988,5.470922855072691,6.837262781602779
2001-01-19,33.52508995535568,22.004357878963983,3.756840451813221,8.454841350499306
2001-01-20,34.50335783791132,21.78228781116972,3.9176358559137783,7.8945561492358145
2001-01-21,33.779506501888285,22.80069764186361,2.75033542929721,8.69974490653407
2001-01-22,34.18593892306943,23.256162264360686,2.591197643998706,8.429347373127072
2001-01-23,34.05563265964696,24.329597948120576,1.8883244779540589,8.574692059230857
2001-01-24,31.679502492016937,24.17401398666731,1.0601765728574037,8.802895756833133
2001-01-25,31.75362020624524,24.245397542527463,0.8465410169586252,8.241451410132472
2001-01-26,31.786360498485074,23.642644352606297,1.027470851728464,8.703491055238764
2001-01-27,31.51735549927434,25.10353643931152,0.2871433623978833,10.145364049903092
2001-01-28,30.959226873137364,23.385983236934248,-0.5830153718630706,9.350732504628322
2001-01-29,29.328954222656193,24.581500335090126,-0.16907179190625288,8.050270084493995
2001-01-30,27.82764850436326,25.050945754209515,-0.5456366484982643,7.715234465389938
2001-01-31,27.601208854340204,27.068902439082393,-0.5730879065732084,7.625994532450312
2001-02-01,28.507873320782057,26.955113049998022,-0.4326328696976439,7.215724100443512
2001-02-02,26.756695474478146,27.130350678861042,0.7961279235421551,7.575431552921329
2001-02-03,23.930604318263114,25.61728754756697,0.3625764268231853,6.634498034415057
2001-02-04,22.668925596085273,25.99263429426756,-0.15656522443030213,7.983681681883691
2001-02-05,21.919967548000795,25.03455182331559,1.9205091062967605,9.296824753513087
2001-02-06,21.859952305258584,25.927736468761715,1.6035388045952084,9.00627264340554
2001-02-07,22.13417553941931,25.676635788478734,0.6348641309333188,8.187498707500517
2001-02-08,23.105083778518786,26.857380334005224,1.4863017515615042,7.1857966082309
2001-02-09,22.17885350045014,26.237895380088066,0.7487717989455112,7.226677612672774
2001-02-10,21.94710143154603,26.194939492878365,0.30689368826193125,7.123163278098656
2001-02-11,22.887217620100028,26.54864112362827,0.2999577193105356,8.454980913756792
2001-02-12,21.190305997353846,26.698447717126072,1.9327267056963389,9.948291139113861
2001-02-13,23.383056517907367,25.37107893831504,1.4867115954941064,8.948211657331521
2001-02-14,23.830758937505006,26.234233365029674,2.6226165752785766,7.75430641277678
2001-02-15,25.02437066939273,27.485371228165516,3.6830950364146964,8.33781409957582
2001-02-16,24.164281490120423,25.828413221807384,3.2729550853346803,7.715834436231916
2001-02-17,23.60509215424739,26.50759140420106,4.3956251450745105,5.600084813060158
2001-02-18,23.38999269002904,25.744026375040942,4.52043275046148,4.784287336024529
2001-02-19,23.740891463494265,27.245192299533834,2.8793875620917406,5.909189133229219
2001-02-20,24.812475979747223,25.928899387962378,3.3000972221827576,5.385505379884157
2001-02-21,27.67003281293546,25.577223412576863,2.494765452108258,5.5685138375455985
2001-02-22,27.884491627851016,24.91682631242297,1.430765734349154,4.700880956549708
2001-02-23,28.966443092806887,25.246923089556056,0.437286693726879,4.047977718623819
2001-02-24,29.24445258258188,25.321225489519527,1.2386557517480403,3.4817893022709283
2001-02-25,26.64409564288626,23.02297308504008,0.4776866968549526,3.8708274085276737
2001-02-26,26.756254924261285,23.68739853966174,-0.12353042105069778,3.7378142703531494
2001-02-27,28.570186274715162,23.221491940011042,-0.3969621566258634,4.869726447931146
2001-02-28,29.791417723195732,21.40637286935352,0.09797820501480892,4.4871663078876995
2001-03-01,30.084902222634508,20.736720415430195,-0.43389543337004377,5.039234410006067
2001-03-02,29.86539499737127,21.189050349408433,-1.3310294645477208,5.734815741319793
2001-03-03,29.28366767784288,19.86646997781273,-1.538084285042206,6.087459483288283
2001-03-04,29.061924684055185,20.518832176485247,-1.7119430938167046,3.9094810475297503
2001-03-05,30.069650769561783,20.492833004841184,-0.25105822277168643,4.465917044843985
2001-03-06,30.15490694738365,20.33672757851658,0.061339589532885874,3.8491269341893135
2001-03-07,31.32028980673256,20.74043709972606,-0.6794191047689142,4.193070413984606
2001-03-08,30.504535852095962,20.16819260875287,-0.6288092335745323,4.180892709011869
2001-03-09,32.80318632795703,19.954954196559125,0.7018103437210048,4.4163576331181185
2001-03-10,31.960182737605237,19.279515653339782,0.7342794340078397,4.502592711650538
2001-03-11,32.16601811988828,19.557080171686028,2.3024102725354836,5.341221788238256
2001-03-12,32.497400919947225,21.020114478052385,3.236549892380648,5.195637867122023
2001-03-13,32.58674705084702,20.669141006855742,2.2180022755363598,5.3105102096925
2001-03-14,32.64585701697038,20.29340773225908,2.5020512804067176,5.389694868868874
2001-03-15,33.28205965047088,20.540942686006897,3.084341560705175,6.041930573902656
2001-03-16,33.16968614881851,20.144200171847757,2.2839125221109007,5.7046211921468695
2001-03-17,33.427975255703366,21.960133506557938,3.422784065422551,5.4324829294838075
2001-03-18,31.71749675226863,21.788935981247796,2.519936176171968,3.384965242784805
2001-03-19,30.94366329639771,21.560626547960787,3.1085601837421257,1.8070554236344034
2001-03-20,30.54358537178741,20.761002997625848,3.487255030540043,3.230252831362396
2001-03-21,30.04508959911278,20.332248516557996,4.0277616084007235,3.9731624592127246
2001-03-22,28.553572057719613,21.202717177435613,5.660248437534276,3.1555340495436752
2001-03-23,28.51813034057412,20.393895235803,4.345090718518028,3.5970731504135047
2001-03-24,28.57043138908254,19.401478435994655,4.036196142725622,3.0835918920265715
2001-03-25,28.71281154521728,19.274784366098782,3.253034186646846,3.5010797065420554
2001-03-26,28.303550109815955,20.2245541324142,3.22806109859057,5.995839188524094
2001-03-27,27.38953888424553,21.044762008273683,3.2169104857624813,6.4197661156047925
2001-03-28,27.357663685006415,22.588049617753697,3.826614131342002,5.675746688928256
2001-03-29,28.743793836433838,23.290745915386573,3.8265633103241545,3.0034202168725344
2001-03-30,28.417823440231633,24.630252516124727,4.372372136608884,2.8573903413420583
2001-03-31,28.516223419110016,22.89974264517671,3.6296382582966333,3.1290551397850757
2001-04-01,30.637815822336844,23.13679244757933,3.2669330426874152,0.3554713585328826
2001-04-02,29.88035804512728,23.674672231461546,4.333225204898999,-0.9825334843458784
2001-04-03,29.980072341890892,22.780883533464753,3.4294995115809934,-1.7793641588717601
2001-04-04,30.218059428055998,22.70566968763153,3.796622969609758,-2.3299332970583015
2001-04-05,29.29855476574743,23.68379030241825,4.5088591917170024,-1.4240471065834186
2001-04-06,29.151000302149082,24.319848211862425,4.430164393188868,-2.6047697850265443
2001-04-07,29.510491248799212,24.287831737536468,5.602375584569707,-1.3399427477026886
2001-04-08,31.2533146638947,21.279380521121283,6.387072937543826,-0.6161741356886662
2001-04-09,30.19714419778498,22.008593936352852,6.008133746024461,0.27859430874831415
2001-04-10,30.59211023078124,20.579470946724204,7.2641867407889285,0.4925592747151989
2001-04-11,30.832318227261307,19.66133418773932,6.475614957321813,0.5343247698291838
2001-04-12,29.46674332752948,18.05260685434124,7.213891037502592,-0.5210001208726858
2001-04-13,29.167300888373425,15.972633116290572,6.868750021641239,-1.8947839057132372
2001-04-14,30.043301554106478,15.17798393842849,7.022362315069196,-1.6715650594245541
2001-04-15,31.037699950738908,14.77015772639693,8.640550853298242,-2.0975528755556168
2001-04-16,30.76364938713132,16.982173337853638,8.599623874964072,0.5485356777982582
2001-04-17,32.284481293777525,17.72941745215393,9.943026721321537,2.398716846707419
2001-04-18,30.00765617331036,19.32208884008309,10.352222229209456,3.221350763134532
2001-04-19,30.136749023570378,19.558667864928204,10.432768577390293,3.573576458769192
2001-04-20,32.26769687527486,19.01469321529036,9.768965698102788,2.6330221847185085
2001-04-21,32.16963844408273,19.04086703928552,11.271624632103038,1.8376815295309665
2001-04-22,31.810950157825623,18.063498089062215,11.350520896386554,1.5089113374961396
2001-04-23,30.80242259531693,18.195461750880643,10.971743007982843,3.3227023748461497
2001-04-24,32.0827013575606,19.009844762197435,9.089365469807248,5.912486653527328
2001-04-25,32.367171705936784,19.12203639207407,8.466990035472186,6.226960917426133
2001-04-26,33.48175099880023,18.131726288129045,8.619411850182932,6.850666479075297
2001-04-27,34.262768174516765,18.67841374550428,8.76696323012161,6.836623006825132
2001-04-28,34.97771513737253,18.773478372281907,6.643810738794539,6.214571208701457
2001-04-29,35.669572441060616,19.27240626971768,6.973800867482377,7.158871799989553
2001-04-30,37.81572375013853,19.174621273993765,6.6227582109930125,4.934113367163351
2001-05-01,39.84903822838519,18.452101274966953,8.21459267899728,3.936501258227969
2001-05-02,40.18150804856977,16.80482537929131,8.608339573693822,4.061027634148003
2001-05-03,38.63739347735995,17.545391631983872,9.402707021809974,5.574832273164413
2001-05-04,39.1623221967435,16.242138657742338,10.651308682077358,4.90450837544191
2001-05-05,39.63897692088038,16.225634261515843,9.780553900384756,4.902684999232279
2001-05-06,40.77882273074905,17.004303562913744,10.80750145193023,3.3792389559916955
2001-05-07,39.99017997533588,16.4014685568301,10.771643015471023,1.681921829795271
2001-05-08,42.77608807355293,16.21490451154952,10.522790273183556,1.2763373371985618
2001-05-09,41.931084912841605,16.115656591431218,10.7962267222612,-0.15545766774751324
2001-05-10,41.8321127115883,17.284283942812497,9.494256544501445,-2.3452919420137768
2001-05-11,42.040383163219985,18.347037476971984,10.18047423221387,-2.018322408357508
2001-05-12,44.575764162397704,19.328236161033708,8.974842176495642,-0.23581764092761248
2001-05-13,47.48359413456267,18.76099614477241,9.230234951018453,-1.2303410722892998
2001-05-14,47.27164998339733,19.553452415508527,8.710452622766862,0.021619639106786215
2001-05-15,48.204289410075326,20.383251023525286,8.35537334115404,-0.8901038386909984
2001-05-16,46.763028100212516,19.8946064076227,8.366946723247743,-1.198460799956754
2001-05-17,47.66652813844168,18.599831890943893,9.570734689977439,-0.9134321680128799
2001-05-18,46.42803660637,17.892628268159484,9.92049735024512,-1.0041131707962279
2001-05-19,45.27339424655479,16.512746441949258,9.508255110895906,-0.416913200871997
2001-05-20,44.85588471690164,15.693633985352344,11.318900050664817,0.14000708144684804
2001-05-21,45.19331999207497,13.37305461226005,13.28267635314269,-0.4779097153900058
2001-05-22,45.44876353198618,13.115240325620501,13.521946177976217,0.1458171693607162
2001-05-23,45.20803533535548,12.61308869823039,12.122457900440878,1.4758961642836925
2001-05-24,43.99309965111105,13.856591146636301,11.802941097278142,0.09120795160526685
2001-05-25,44.727437125048546,12.6943599599591,13.989414743409991,-1.6078502607982859
2001-05-26,45.53166592565851,12.883180235607153,13.142873019445828,-2.3996771015270304
2001-05-27,46.14843516377223,12.997658139331781,12.854193543923595,0.6659120955070539
2001-05-28,45.37379719347893,13.159240012855264,12.156288784530576,2.0292125546284296
2001-05-29,44.15419177235341,12.207189344451903,13.300023827593192,1.6027032708207523
2001-05-30,43.993133932703415,13.147030206104375,12.291389546876502,2.604443186165522
2001-05-31,43.10396422655944,13.831953176822129,11.171274623279853,1.842613368834759
2001-06-01,43.52764774280707,13.435475607683053,11.05361080339932,-0.010074313464729423
2001-06-02,43.77085787946225,11.849906073339245,12.10183872695966,-1.3139538651342457
2001-06-03,43.39244200308711,13.607579364438656,12.802432438199153,-0.4347540247666867
2001-06-04,41.7083169069359,14.296450424617229,14.731101028610594,-0.6857547998199569
2001-06-05,42.21841440352697,13.028045679342931,14.724236763325381,-1.151512522778654
2001-06-06,44.737630583626704,14.185209867342063,15.098287377707306,-3.483905629544429
2001-06-07,44.79792711382564,15.035072943926773,15.036428998853133,-3.552697403601475
2001-06-08,43.40391402446351,15.09515591820473,14.726072635602838,-5.614828740714076
2001-06-09,43.258816737215085,16.672480142393148,14.803952969528737,-4.811166894040056
2001-06-10,43.26526876196426,15.250396245136185,14.941351122923198,-6.569073126393925
2001-06-11,43.3858012920023,15.827205532517814,12.61451594314157,-5.71554909880744
2001-06-12,43.332813280000856,16.751038175021186,12.293700182504553,-6.04362752164972
2001-06-13,42.878377679815706,16.609803160465667,13.181113648582912,-7.079525881231636
2001-06-14,42.771283221102415,14.661805555282806,12.984277913609471,-6.066282354016117
2001-06-15,41.365754008328764,12.850006680478034,13.344770566268297,-6.040884694463366
2001-06-16,41.110775648126555,14.334314433308034,13.287465116561515,-6.853333747688263
2001-06-17,42.63733334093748,13.091900782690866,12.700701717153361,-5.547767532979313
2001-06-18,41.23464536043585,13.210290139768698,14.0910542858853,-4.814105107457931
2001-06-19,39.548566701651566,14.284591988707996,12.823633118507443,-3.8993726893890743
2001-06-20,39.17537259375546,13.22176871114243,12.62983019335637,-4.255902012324272
2001-06-21,38.832600166377695,13.8439274172383,14.328752158467182,-3.602927839458254
2001-06-22,39.242642990142805,11.885168847730057,14.14981606564453,-3.549928135108283
2001-06-23,39.414360339555124,11.95127748858167,14.860833321761843,-3.88309743692363
2001-06-24,38.94421972546097,13.781755654903348,13.699236186212087,-4.356653670153799
2001-06-25,37.30977004338441,14.706640667089058,16.66576687755175,-5.538827209185358
2001-06-26,36.91474618040623,14.893217364966016,17.08578153914611,-4.764425302013688
2001-06-27,37.245050873259075,14.848856405710013,17.42309601060476,-4.396583003933422
2001-06-28,38.72133188360446,14.8758004350271,17.260285312676196,-3.948794795218669
2001-06-29,38.52736300148745,15.760418938290584,16.680407245116893,-2.2423437784460165
2001-06-30,37.014456748851046,16.776441262700526,17.18038263127845,-3.4320654222999964
2001-07-01,36.87134013972663,17.07435469808816,18.535840451366276,-3.814860870595103
2001-07-02,35.68168194917786,16.713432119543956,17.79748574445836,-2.4498804298677976
2001-07-03,34.25715642702038,16.64087637355526,17.179874340251835,-2.0471607628012647
2001-07-04,34.79176234402231,16.070812639434717,15.997347181106205,-1.2397597757776104
2001-07-05,35.397710258830564,15.625197321497678,16.061352449702838,-1.7804537804560492
2001-07-06,36.21623151493238,15.929899634258744,17.187449500037353,-1.8276857493941632
2001-07-07,36.447990975735195,16.090917454507043,17.481123070587056,-1.2599024802339331
2001-07-08,38.1227563318609,17.111591662877824,18.030979822425838,-0.15223452454042485
2001-07-09,37.33231304339361,16.047530908378235,19.686039168971128,-0.4825769283888473
2001-07-10,35.602208333715005,16.39774641801554,21.133945109443395,-1.3753617182226694
2001-07-11,36.86848998195189,16.5611444742369,19.980205811565895,-0.579054985503051
2001-07-12,36.33174636409794,14.856433620117068,20.673342331752405,0.8061936015302503
2001-07-13,36.76390463499596,15.156436687369467,20.233300282841387,-0.019359832663970344
2001-07-14,37.00716236562254,15.463660006392265,19.216964595357688,-0.3079306734260809
2001-07-15,36.41831229783559,14.143878351401778,18.976187528655995,0.10166115553959232
2001-07-16,36.406028363494336,14.13943080546609,18.256350926574274,1.0825800933528067
2001-07-17,35.21485889846657,14.047151197631912,19.780290980461665,1.3000841913933883
2001-07-18,35.02955059909952,15.958863777969219,19.91160303502041,1.4268383762209134
2001-07-19,34.955508353469575,17.320808888533193,20.37609361877807,1.5022738102528885
2001-07-20,33.19140080319783,19.455598410877418,21.257063896150353,0.24876414366614408
2001-07-21,33.2297904131132,20.036728000811667,22.691824946080654,-1.3346405138027135
2001-07-22,34.64598689082994,18.607964812142946,24.29649270492678,-2.00928752572781
2001-07-23,35.33153978149787,19.57284557685077,23.96154475630792,-2.4534066842226756
2001-07-24,33.98835793587206,20.129238262119262,24.302491710698533,-2.4498101731680983
2001-07-25,36.537268104688934,19.950385068033125,23.916989165473716,-2.0773032491363805
2001-07-26,36.55491169476412,20.12504561438903,23.55187812989301,-2.5605523036802387
2001-07-27,37.73757807149657,18.26941546119695,22.167554571414662,-1.7516887116474211
2001-07-28,39.2332259029472,17.560981300432477,21.81137676764892,-2.4329266889764316
2001-07-29,39.53205787543299,16.71820582010396,21.408988851202515,-2.6192165132572702
2001-07-30,39.72014943426013,16.349718379238055,21.254652512782958,-0.8934485040295193
2001-07-31,38.85657483309106,16.58671701053189,19.868269306454348,0.14938891408858135
2001-08-01,39.020582154734576,16.163215691055864,20.056640949425773,1.5420567508865293
2001-08-02,38.02334187483051,14.197517002212983,19.65055152840306,0.8909522149692137
2001-08-03,40.36112343184244,14.22869727015629,19.302560052069836,0.7992306735382748
2001-08-04,39.97406693663814,11.985850963038391,20.295006304870167,1.0405213450141075
2001-08-05,40.20295036258404,10.853434614817633,19.855347667888907,1.3213531331472845
2001-08-06,38.040100159017754,10.828005978577211,21.480994723339318,1.157343165957362
2001-08-07,37.923967523509596,11.319124940338035,20.62115485861127,1.8452070038919892
2001-08-08,37.12666935464112,11.388928595041902,20.007438138367018,3.242997531391283
2001-08-09,37.60124439993562,12.382025911438504,20.629912408567304,2.255570460999012
2001-08-10,38.63193838856815,13.212151105637318,20.776074417682523,2.387381886379709
2001-08-11,38.146269769930264,13.035224091429322,20.447450866220006,1.5013747513920033
2001-08-12,38.520261274736924,13.030632074632475,20.75512703909526,0.2281698427961436
2001-08-13,37.084895837613196,13.61942487147012,19.956032052696873,1.464030401387842
2001-08-14,37.572108627220175,14.43565976984446,18.991847949558213,2.2165815096769146
2001-08-15,39.10666980418659,15.311560785474182,17.595429354975685,3.323062685778174
2001-08-16,38.922863762298775,14.810584007579969,15.935970124866621,3.710566407132924
2001-08-17,36.96551454737881,15.215759365173533,15.986806423527787,4.32594441014286
2001-08-18,38.46352793048781,15.229871149851778,16.400692091693426,3.4326669399856726
2001-08-19,37.05527728595702,13.01828771489571,15.80250837218847,3.3653835025601406
2001-08-20,38.615263453655984,12.823103091427916,16.54740522320905,4.6884847408406545
2001-08-21,38.627991189824016,14.578501825143546,15.410606168517216,2.8234617599116474
2001-08-22,39.26556141073343,14.859681653383726,15.466667396362393,1.3182797651527807
2001-08-23,38.503695537749145,15.460323710005829,15.31859784135136,0.49280688711524256
2001-08-24,38.44909742300462,16.164362349636857,14.266257362811103,-0.08433446602580663
2001-08-25,38.88820186451722,16.225537130409567,14.643041504606144,-0.33158752080911164
2001-08-26,38.284963498269335,14.466555443622925,13.510322636807295,-0.6678234303874389
2001-08-27,37.71642481474162,14.210695448193936,14.031059116614621,-0.21307784626172244
2001-08-28,38.0981777012385,15.54208010797477,13.34458862532214,-2.0232094988547527
2001-08-29,37.53346893448319,16.334785711852913,12.949570220836257,-1.9643153694807962
2001-08-30,38.67395244040132,16.280391335887906,13.506209707006743,-3.670212157132256
2001-08-31,39.07318057643262,15.872215040531993,13.08149445344005,-2.618025755162134
2001-09-01,39.56085084967081,16.09427445427204,13.809628153290227,-3.830918888369998
2001-09-02,39.57813982449117,16.28601457308342,15.813710783250187,-3.5383323832684503
2001-09-03,38.99954557859556,15.710753925848604,15.722171820585054,-3.473381419273247
2001-09-04,39.40631859463457,16.53136495479587,15.286602021226662,-3.386244867016371
2001-09-05,38.6688964160675,16.912036768911932,14.928950717466408,-4.79009225308988
2001-09-06,37.0370283959134,15.363298879171175,15.51984868362273,-6.149094014156848
2001-09-07,37.142007861244956,15.044745563490322,14.430908817802138,-7.425154112583428
2001-09-08,37.079628690669296,15.347412052179545,13.797435335522975,-7.759958555921891
2001-09-09,37.552617185120916,15.972928650627276,14.819555143334034,-7.480589047431976
2001-09-10,35.602602522952914,16.67955065986457,16.52288291146255,-4.3443711534099005
2001-09-11,35.812545867563585,16.172451743068024,17.334265454532833,-4.1646743265477255
2001-09-12,35.12136753239515,16.852220369946174,17.157033013948784,-3.100152147614792
2001-09-13,36.95645840732991,15.303050126763823,17.10852221793645,-4.367337096947072
2001-09-14,37.02356659274696,14.906475659470756,15.524076839411258,-2.9736149602217514
2001-09-15,36.07205025789364,14.14761652037377,15.993814389485001,-4.1479255722963595
2001-09-16,35.068059283381295,14.322595163039207,15.769117472988714,-4.856268242391917
2001-09-17,36.01561873853938,12.046618281763731,15.15713622807241,-3.2183227545042
2001-09-18,34.96876789133905,11.439204784324257,14.468122117088674,-3.4477266079603965
2001-09-19,34.6055194776841,12.577201943000167,14.265951524193852,-4.115512013224585
2001-09-20,34.667806475708716,11.457705317954819,14.048807378486835,-4.748918383326496
2001-09-21,34.26490512461827,11.696546144529652,14.096639527625936,-4.865109085323591
2001-09-22,34.08689059473541,10.871102875310056,15.431033257636892,-3.831220171281415
2001-09-23,36.087831348061805,11.730922160181606,14.702427611018688,-4.746506354578382
2001-09-24,36.408030210349054,11.0815037756503,15.966035484330924,-4.921625450189273
2001-09-25,35.51451258716557,10.432514331530728,15.08632197483185,-5.982156374228607
2001-09-26,34.82954978696093,8.85639233561758,14.664897834379218,-6.19667878400973
2001-09-27,35.435789704051516,8.139728503299965,14.696528692185481,-4.508564590851702
2001-09-28,35.337868206411315,7.871024030635438,15.73973027153242,-4.873087210546767
2001-09-29,34.79974803436554,8.349382093094762,14.972219054075437,-5.189037816124543
2001-09-30,35.2153335743115,7.065963347565786,14.532217534558521,-6.159680788465213
2001-10-01,35.31882775709953,6.661223702089769,14.598606139761626,-6.658558634204239
2001-10-02,34.34981252811245,5.646290503446638,13.464054130403536,-4.875708989377285
2001-10-03,33.73550318944099,6.461380698750395,12.91692598927368,-3.0497859630637203
2001-10-04,33.90876860340924,5.053869314138645,11.886029898841661,-0.8120138324335437
2001-10-05,34.48331499070841,5.086261047511477,12.383833838059447,-1.954915301929769
2001-10-06,33.938908992174376,6.2123909497798255,14.102223954966375,-2.138424093733792
2001-10-07,34.646149716126196,8.074062069147166,14.01153380111453,-2.2063998855528624
2001-10-08,34.66543735234675,8.03277520865618,13.835858584357231,-3.8438217336957345
2001-10-09,34.47710078881821,6.92592697847852,12.596614121325139,-2.1567282833377783
2001-10-10,35.434383231559416,6.853509762097228,14.118002230730625,-3.1503645268339735
2001-10-11,35.88431248364076,7.285092369518893,14.411792659876683,-3.8916611190676793
2001-10-12,37.34392018366991,8.275201743034794,14.367330827732962,-2.711860823836056
2001-10-13,37.18026992501695,7.8813559003359375,13.006237439975413,-2.9753254097950825
2001-10-14,35.2077664719836,7.874613642093152,14.129486479317295,-4.677771786951985
2001-10-15,34.55999300380568,10.739755307081197,14.557767935314754,-4.742417218029911
2001-10-16,33.70240875609587,9.211454124842444,14.525627408277613,-4.346916086198698
2001-10-17,34.88108504178467,9.190186066892956,13.9832261858868,-3.399576203342427
2001-10-18,34.68742252338625,10.632404996752188,15.720673353091462,-1.2255917892929902
2001-10-19,33.90437032738482,10.462852589412568,16.215041153227876,-2.3324567493589408
2001-10-20,32.55070896224643,9.746162450066036,16.555158122755305,-3.386535847808482
2001-10-21,33.3576489770515,10.654896554909623,15.661331818457692,-2.3585180389581737
2001-10-22,35.597368604437875,11.281132884987548,16.88639722560575,-2.80926921674736
2001-10-23,31.475587159779288,11.689524103608322,16.52183157734624,-1.7883620166512226
2001-10-24,31.019866376814125,11.566806367930438,18.483779964644818,-1.0286251386828904
2001-10-25,30.921216665057134,12.099573060474844,20.911472790959763,-3.7192218177161758
2001-10-26,32.015251279643415,11.617555239981167,19.681946538988438,-2.6398297484657363
2001-10-27,30.215556036862353,11.710568438185275,19.121942399989962,-3.8757557444657387
2001-10-28,31.57812169040777,11.70518189410369,18.583934853012117,-3.5808263676903405
2001-10-29,31.835522818982724,10.455690827344874,19.400365554370197,-2.871012688056993
2001-10-30,32.10819966252185,11.269571544420584,19.147847279318736,-1.8146675865647552
2001-10-31,30.888696469017983,12.821183542869784,19.030919861966336,-3.3687248704428034
2001-11-01,29.84064885989915,13.60364428507938,19.922375149849355,-3.185522820621652
2001-11-02,30.062713119906498,12.672780324784986,20.949743903504796,-4.692732961591336
2001-11-03,30.13107306786604,13.286966598132356,21.358479068285295,-3.240770310262242
2001-11-04,30.43977046976138,11.997028496340507,20.729724569856,-2.961615440468418
2001-11-05,31.90843574374034,12.56148332269882,18.38758136818312,-2.4878186397828856
2001-11-06,33.531570439867394,12.193840190124321,18.348193318866603,-2.567555698187466
2001-11-07,32.3073337000931,12.521452740204074,16.618064836295062,-2.8606550513255664
2001-11-08,32.02834661631106,12.938082320544842,15.340806847528452,-2.413712584743841
2001-11-09,33.74824962004156,14.514827957716035,14.289775959003029,-0.25939571545889306
2001-11-10,33.29412975838019,15.953409703877774,14.594073320543188,0.9379406906382708
2001-11-11,32.69918709128317,18.16491084279659,13.75275131135722,-0.8193302934341764
2001-11-12,32.69466404836765,18.19006562970863,12.54090496998713,-0.14942420448484373
2001-11-13,32.47399786375569,16.682487523955867,10.893294657798826,0.59852972577666
2001-11-14,33.35775374631164,15.502102669952,10.009703038252416,1.3362568515402689
2001-11-15,33.05136030065928,17.138515268207144,8.687669789175152,-0.09099248255187575
2001-11-16,33.814997889398335,18.287827692254968,10.798278496816385,0.8174378923219021
2001-11-17,33.689643253537,17.33175620374431,9.49072420338541,1.821276764692797
2001-11-18,33.37277078713114,16.786487418263455,8.550509279150479,1.841078427555996
2001-11-19,34.74835243604018,16.01849979403933,9.427671251950274,1.8386318793868062
2001-11-20,33.72322757494495,16.893176805542716,10.580749261116772,2.660146650397405
2001-11-21,34.45653628549187,15.935516895172297,13.229410998642667,2.7899295566975044
2001-11-22,33.71967292164097,15.90685538889022,13.562525634404784,2.8878275129084767
2001-11-23,34.90398728202055,15.67117817566487,13.171916308466148,3.579147107648913
2001-11-24,36.14397002932198,16.9115757421432,16.294728939990176,3.7166884612894373
2001-11-25,34.65380674334254,16.120565934358652,16.194091390981654,4.59595987239379
2001-11-26,33.80779893886676,17.070721469854668,16.798467096898484,5.821965416476225
2001-11-27,34.76935626009102,16.550118056987504,16.767611004585977,6.576855344870421
2001-11-28,34.454302447177625,14.388519773594224,16.41442686811122,5.135944393473883
2001-11-29,33.999595695222126,15.42030520319724,17.467016454456726,4.284686810265307
2001-11-30,31.97765331986206,16.7603528825859,17.0932733781256,4.3043475139919165
2001-12-01,32.21550906142177,18.49658082884646,16.442478168429446,2.9712492188888966
2001-12-02,31.74555988946171,19.263549569378977,17.850444991328704,3.514415326540898
2001-12-03,31.555075192959347,20.355470798008547,18.4796017612237,2.3726908285449864
2001-12-04,31.31205195114657,21.552580512233767,18.22341985161371,3.35007297510687
2001-12-05,31.805304212755406,20.712445621796512,15.645522186605021,4.561144139876625
2001-12-06,32.42425257608721,22.817448514466786,14.441633353401931,5.4434564793694955
2001-12-07,32.10174861964749,23.57014991386603,15.906392681594065,4.496776830102402
2001-12-08,32.2279887275334,21.99848465263914,15.813743072600213,5.612059740145467
2001-12-09,30.349606536185398,20.423594432610486,16.26534797355158,6.9942547635189145
2001-12-10,31.33742079697294,19.936892699939392,16.72818188017855,6.813729320020342
2001-12-11,31.253935869871754,19.770560296641822,16.50480600087554,7.319481744759921
2001-12-12,29.597589034798403,19.887176388145033,16.47245270320156,6.134267650882096
2001-12-13,30.749085708604305,19.621917678642816,16.770029254871595,5.582641240515134
2001-12-14,30.768361700687286,20.47263450595072,16.94125717461566,5.967528837289119
2001-12-15,31.708878485958564,20.126760183118794,14.269917643820829,5.196627031592988
2001-12-16,32.250553962745045,20.47590791064515,14.05764829676565,5.329107618626779
2001-12-17,32.356630488274384,21.07749355601895,12.923323512567064,5.747368337680841
2001-12-18,31.725190659093112,21.95488619693703,14.41279941592307,4.773094907003976
2001-12-19,31.909105242665095,22.633817104835515,14.57616716478037,5.339190577779123
2001-12-20,32.70933853888006,21.847180660462097,14.473082282830033,5.343049726081318
2001-12-21,30.298172542923567,22.885985718633535,12.741624433486946,4.3090611552213804
2001-12-22,32.170151530456124,22.87935645231791,12.460983425977155,3.8246716781511063
2001-12-23,31.643130669722346,23.242372075483882,12.326444973745307,4.5747239740072185
2001-12-24,32.56204499775748,23.587074201018737,12.294174600496074,4.832213581292339
2001-12-25,31.509848479290007,24.58276634367227,11.556911504255632,5.416583172135476
2001-12-26,31.192347945758755,25.075989393084345,12.817015451677632,5.254454566413236
2001-12-27,31.462603659462403,23.66716341278778,13.008471465261849,6.137244800426651
2001-12-28,30.30427703633327,22.93778607228826,13.882240603472695,8.979019245386851
2001-12-29,30.98018821192289,23.641905894609046,13.07575522601507,10.300732811609633
2001-12-30,29.93479150422189,23.259824847400687,13.172916765861352,9.065572103479512
2001-12-31,29.15119242285618,23.150459922373926,15.567651036610528,7.9583458506777305
2002-01-01,28.28265900564017,23.57930710760189,16.395040597112395,7.766776029900995
2002-01-02,27.84176057017552,23.422042276530334,16.666595314247783,7.742848308203107
2002-01-03,28.289479945804892,24.345463264917356,18.700197489859292,7.055734141097039
2002-01-04,27.9658254940736,23.865178817907196,18.629943793988126,6.385244984581317
2002-01-05,29.07934708026255,23.621990821889362,18.757021229371723,7.537488357371874
2002-01-06,30.352857537462107,23.35595845552444,20.34193852805934,7.825774935775463
2002-01-07,29.703899277416916,24.22251756841747,19.539246598481068,6.467431497043645
2002-01-08,29.09469276898616,23.628784252625856,20.512335099853495,6.9896643208014355
2002-01-09,28.611680595206852,24.135791175062536,19.321371427635743,7.640085426191439
2002-01-10,28.963165881302388,23.139635344221016,20.16094110639913,7.697011406255588
2002-01-11,28.873674257108238,25.248493479257732,19.477381005115426,8.30478924364645
2002-01-12,28.97881141407396,24.33039725384208,19.401356760229337,7.40860048154147
2002-01-13,28.131715229900312,23.402778092577254,18.372944291859483,8.25566062456286
2002-01-14,27.45770584146587,23.41747518933429,17.12574927364658,8.307532594424355
2002-01-15,27.182919882431186,23.185598971054297,16.951563231513394,7.3144467257148955
2002-01-16,26.618566271651087,22.08160797746934,18.215401739982596,5.875843694164364
2002-01-17,26.123970260854314,22.01555669535804,17.290364593811383,7.411108376834194
2002-01-18,24.26196715698671,23.83507408868125,17.051379633356774,6.694349152963778
2002-01-19,22.088892997343912,23.564429303336908,17.358239407778058,4.842132339023221
2002-01-20,23.365404514970827,23.467662476249508,18.058058281077184,4.021899368981698
2002-01-21,25.116767073434353,23.470341500014225,15.931470908265215,3.3004069172848842
2002-01-22,24.528910444116068,22.161028332097377,17.403653313322366,3.1427512926602033
2002-01-23,22.676746304439803,21.42759156730224,19.383387246852262,2.3905750290599626
2002-01-24,21.478693266952487,22.24974930750359,19.844056074436796,2.242492993459592
2002-01-25,19.7955176517354,22.992580393167973,19.89569684458391,1.4853436054548772
2002-01-26,18.303275933130433,23.79317510428354,17.766672957199702,1.9297993663682924
2002-01-27,17.493789888674804,24.348254132294315,16.374112057085544,1.4996014312370163
2002-01-28,17.552926264940083,25.06465404029371,15.5143052115763,2.7137291055061836
2002-01-29,17.720889340659518,23.467485354267584,15.301340057509872,2.8270342049216723
2002-01-30,19.031925413683744,23.07755863722185,16.62218626231666,5.696208581891332
2002-01-31,20.460958455164693,21.819021903490842,16.17076821740573,7.446156438198077
2002-02-01,21.435701937618333,21.62205630786729,15.036110746911497,9.498001060566487
2002-02-02,20.699645782796406,21.049603889584418,14.132740237657947,8.85766866631885
2002-02-03,20.412263301531322,20.930180181944383,12.274483639275296,9.11697548639691
2002-02-04,21.96643675406888,20.039987705310228,11.955199548064265,9.354036047088659
2002-02-05,22.6606427633289,21.014500900807857,11.759734452869457,9.802575215086975
2002-02-06,23.064500761970184,21.13829320729595,11.278449695447268,7.973274056562288
2002-02-07,23.87047967014948,21.191595161435217,9.347052392044295,8.89107157178878
2002-02-08,23.8551310592363,22.638436525039555,10.974692969923627,6.226060595135332
2002-02-09,24.23034813379987,22.55169803202559,12.240080383599397,5.357199569531955
2002-02-10,25.955780639716693,22.275026181243643,11.896582627210329,3.6531558266812443
2002-02-11,27.610655655427554,21.524568659980684,12.982685698111329,4.970773349071116
2002-02-12,28.44696685680737,19.71966754304415,13.278937044732666,3.765986757187472
2002-02-13,28.092213590630042,18.61071231690642,14.000116632074748,4.328667784257348
2002-02-14,30.231420074637523,19.431218359129364,13.12816284499588,3.2700672812651685
2002-02-15,28.995258972586146,17.858516558862682,13.312181178468181,3.589134168789279
2002-02-16,28.850944286105353,18.653697973592248,12.434140992608661,0.327131702028554
2002-02-17,28.810603552407414,19.2077824004675,13.697709677019349,-0.1420477599921237
2002-02-18,31.593076177922633,18.195329388396175,13.138534310573718,-0.34471227360208206
2002-02-19,30.604098562931892,16.50653648864596,12.697615211955863,-1.2416470104770216
2002-02-20,31.020608242217133,16.21240703554243,12.587673790410427,-1.525345239450751
2002-02-21,29.743674003235103,14.487372584956397,12.755203008898059,-2.040802549669633
2002-02-22,29.437268919386057,13.742367745225993,14.746548437893667,-2.228201507395046
2002-02-23,29.802499459135454,13.774191069613885,12.108759866556234,-2.7889335607278767
2002-02-24,29.72085373529803,15.092097317781851,11.784102093374283,-4.067912953907627
2002-02-25,31.60463592568465,15.536204268241292,13.096380898698289,-5.0089618388141
2002-02-26,30.962108043926282,15.705621068727096,13.819192024437776,-4.339173939175189
2002-02-27,31.160960441233417,15.626330627156658,14.497622975741468,-6.6790842631641745
2002-02-28,31.323317447834967,14.952650570407506,15.173255873034694,-8.108721265231038
2002-03-01,32.321976258646906,15.034550937788383,16.691280779267025,-8.783964911346546
2002-03-02,31.718429583560585,16.3819805399731,16.790612820850274,-7.944088036970706
2002-03-03,30.70578560660382,15.31042436314777,17.47806988675645,-7.304869877420215
2002-03-04,31.860790848834345,14.840093328696193,17.15763778023565,-7.456252755616674
2002-03-05,30.936910670737785,14.48554458518909,17.960891200507334,-6.245103335036897
2002-03-06,31.284872618965224,16.073434256002074,17.935401770863763,-5.092968976737553
2002-03-07,33.04508030203256,17.121571441421167,17.775219120430265,-6.216604745377073
2002-03-08,31.577903939730735,17.43750126784942,18.58413163177656,-6.584450801457079
2002-03-09,32.20519666629498,17.535798524617036,18.552984375764215,-6.850916341734843
2002-03-10,33.23444870246761,16.753130643001825,19.38640575672333,-5.112983667567881
2002-03-11,33.635908269957376,16.788660185430082,19.729294391787313,-5.731294900996332
2002-03-12,33.35134446991116,17.563985971057264,21.02781446002689,-6.541601206979967
2002-03-13,34.99871231868901,19.148192886916494,20.835274675540713,-5.0410065613679
2002-03-14,36.86209760194067,19.491140596233976,22.433827454851667,-4.848567556143666
2002-03-15,36.95996403489293,19.589644212986062,24.06901003588966,-3.1657684215480875
2002-03-16,36.891115990314155,19.781256589034275,23.430869748574906,-3.6663819659080037
2002-03-17,36.29213756667163,20.015996246803454,23.04628938645029,-3.1585020107900013
2002-03-18,35.58982635511494,21.86222349494705,24.5239215199047,-3.459259759941669
2002-03-19,36.76245929158082,22.16340897341917,23.705099249541,-2.657961396043355
2002-03-20,36.675331686037275,22.66507852912405,23.78512236568969,-3.4304460099289082
2002-03-21,38.13169552620387,23.829550677491113,22.789551860353626,-1.9800034756416525
2002-03-22,37.3131541499814,23.396370051067727,22.59602913286877,-1.3352581507841257
2002-03-23,37.24099344687238,23.08415099262097,23.382002413851016,-0.7413093381160875
2002-03-24,38.26781195024727,22.52418161461214,23.125726733944187,-0.48864978430405964
2002-03-25,37.0843602955597,22.371364177875474,22.980976016068848,-0.6525963242835613
2002-03-26,36.65784907621622,21.41841478822987,24.604677464067986,-2.5842495004299675
2002-03-27,37.60732485014884,21.396212033404485,25.891931677280038,-0.6132248541394547
2002-03-28,37.26784628318756,20.326057352885677,26.687718210071793,-1.4803309689983652
2002-03-29,36.489666657977246,21.524811239593227,28.01186581023927,-1.9642128201719395
2002-03-30,35.610042121825174,19.845776922869767,28.0773512834169,-2.464394731002055
2002-03-31,35.4014223525413,19.055080458683666,28.166639950586855,-0.7123187173975698
2002-04-01,36.350801373668226,17.197515577115013,27.652159335607124,-1.2175866602958045
2002-04-02,34.45192832452864,17.716522310635362,28.56365336533263,-0.5557931045027531
2002-04-03,34.024856752912235,18.20061925828663,28.102900626146365,-1.613299089477071
2002-04-04,32.735667710787006,18.687326876941114,29.59217268940654,-1.3819224954611689
2002-04-05,30.93647549029198,18.034544471383292,29.421636432026165,-1.1438890470441174
2002-04-06,32.703221355330406,18.040298129084256,29.754778422807796,-1.3344077585359515
2002-04-07,34.597188589906054,19.19905481068946,29.87710993480161,-0.8508650848678689
2002-04-08,35.20186760710118,19.861054574534894,29.58425069116343,-1.3596595197873826
2002-04-09,34.404602396060426,19.65733285582465,29.879390487390108,-0.47333754561670116
2002-04-10,33.50013427539096,19.87339593607478,29.334093439944834,0.9025450755537746
2002-04-11,32.64107476660415,19.769014550987542,29.555873299194094,-0.8557986019892542
2002-04-12,32.40506671106967,18.565310424378232,27.89537213876718,0.19110603657163316
2002-04-13,33.02125521277626,18.55395579003167,25.068919833048692,1.6566878187287242
2002-04-14,33.55948056300188,16.73966391716671,27.36230815126737,2.5395563173079365
2002-04-15,34.31638620904431,15.576168989481037,28.37156257422529,2.9994713417657013
2002-04-16,34.19467341281996,16.175462419260647,28.520116765073258,3.7408778573935804
2002-04-17,33.84425417661423,15.427367523230208,25.98202934228937,3.6011746042550694
2002-04-18,32.8055344154406,16.798566626107046,28.621067858422624,1.2051348274389104
2002-04-19,31.818049758445532,16.392935120495164,29.729317968079243,3.5617133914972445
2002-04-20,32.88048642953388,14.971984063945651,29.551381640494267,3.133397491167223
2002-04-21,31.543287683657297,15.368526793766856,32.597014604632676,3.4284042541349145
2002-04-22,31.004199468281147,15.454405475745817,33.680592255181004,4.57600601584604
2002-04-23,31.86998832849365,15.837649947341545,31.801962328119718,6.102357098037157
2002-04-24,29.210920640590565,16.77071162190134,31.367572407025953,6.244898067958056
2002-04-25,30.356753001829524,16.707807672120882,32.77953907562713,5.941763730307503
2002-04-26,30.731912035137363,15.344738544688907,33.33889587904347,5.413152374745455
2002-04-27,31.121184218741508,15.237445654108338,33.37286438320092,5.151010694058683
2002-04-28,31.28613395831609,13.574702737741909,32.626456948224394,5.291309625341504
2002-04-29,31.962384185955813,15.287250823907195,33.05692977394166,5.249810798920184
2002-04-30,32.89528022138449,15.88391841074075,32.7628911148835,4.632322650187328
2002-05-01,30.459606342796555,15.556210778713616,32.14539252726435,5.273467320444457
2002-05-02,29.93327015101617,13.857521077541127,31.60720845555282,6.672303764304127
2002-05-03,29.759606536608857,13.462194067110842,30.83088795530111,6.263309762731122
2002-05-04,30.495945606403243,13.847950033535465,30.558323821306928,5.530651443421068
2002-05-05,29.273525869695202,15.108343886506155,30.621321396332288,3.889827492751829
2002-05-06,28.61523866150966,15.59210581487465,31.06983953444808,4.039163990944307
2002-05-07,28.719298756118494,14.957182724891096,32.445890196423974,5.110405567106189
2002-05-08,27.908678281401272,16.632839425087692,30.675592577501597,4.538542766754191
2002-05-09,29.69376324502795,15.797627087892652,31.232530230978337,6.021699178331067
2002-05-10,31.1657391889983,14.069125410736252,29.566336324706434,5.726163247256747
2002-05-11,32.80810200256035,13.682022504321758,29.605922443763827,5.702664131294392
2002-05-12,32.60626249444929,13.785041889669198,29.422835035110516,6.687798143014655
2002-05-13,30.734738816915982,13.42301816124203,29.143728772336708,7.2259374431562255
2002-05-14,31.481062329461956,12.815204783595314,29.555946413783943,7.668097934077834
2002-05-15,29.59573419197897,14.556489042998992,29.247692896259956,6.738272707159272
2002-05-16,28.337767995290072,14.954987010315122,28.792980094165188,5.407324463188113
2002-05-17,27.43388638694358,15.950507496150529,27.62431160501601,4.796560709777944
2002-05-18,26.23550934041074,16.269737018495594,26.97853330348823,5.2005547738106825
2002-05-19,27.106879044777934,16.200594043003747,27.39532384377114,5.693463676788623
2002-05-20,28.354214727319246,14.636590701581737,28.20233844227802,7.076459726218938
2002-05-21,27.695534362463913,13.840205646460552,28.688594827618722,8.173655411539903
2002-05-22,28.64836294272798,13.437951606723123,28.702602254244347,6.874760886485143
2002-05-23,29.647062892149577,12.954270215999701,29.191543471531432,6.14286459994096
2002-05-24,29.794345661806236,13.7776825047846,28.928665191398075,5.42955525179019
2002-05-25,28.95919252051877,13.033296958889707,29.054047094349272,5.180661868380954
2002-05-26,29.683119349683484,13.486481771087751,29.777965644132706,7.03885504026573
2002-05-27,30.426537325060178,13.865045353484795,30.693970014917742,8.288752776226826
2002-05-28,29.731237893193406,13.859840918010974,30.56933802345382,7.471430117112925
2002-05-29,30.402004859111884,13.490389142956438,31.03471635018515,5.798077467412681
2002-05-30,31.170590864299573,12.609082797859365,31.681409649755167,5.691087163195201
2002-05-31,31.156422240959074,12.498807841693262,32.036333920122516,5.574495045946247
2002-06-01,30.797519562066274,12.809988700224661,30.435644217967706,5.127555104369592
2002-06-02,31.022139540357212,12.620076091807146,30.697422208427763,5.381403784947599
2002-06-03,31.811709532670598,12.771095135214935,31.253283099258272,6.552324935423257
2002-06-04,30.23461786807136,13.909837871500715,30.780863367938892,7.663353011330334
2002-06-05,29.78268527729446,12.969364095750981,32.13637389181639,6.785958719184169
2002-06-06,29.15545417625289,12.732244662619502,33.76078165862254,7.281624262012475
2002-06-07,29.789445273880883,13.662450451283158,34.57163385490483,6.675834309126481
2002-06-08,31.502565401822853,13.049884313038755,36.00013138812471,7.552660624605295
2002-06-09,31.65506969363634,12.933273166076622,36.273413679670625,5.95775686869213
2002-06-10,31.611162106838876,12.080428160477066,36.280316299667696,6.394274068904345
2002-06-11,33.019873933395495,10.50593978556936,35.87360545068103,4.594866022736016
2002-06-12,32.85700298544653,12.041990497913938,36.3945376203362,5.038270369079451
2002-06-13,32.06172848758687,13.227150340715612,36.44805472069846,4.582428517597756
2002-06-14,34.54805886508605,11.516916550260401,36.45479964471338,4.600029883877943
2002-06-15,31.98949034599355,11.35107503305843,38.601901441858494,5.0553294654843945
2002-06-16,32.513942705256824,10.642338768113335,40.07165353484257,5.311691423310167
2002-06-17,32.817691702983325,11.267392303875091,41.066855601320846,6.1550475228622465
2002-06-18,32.90949209771903,10.655998384037503,41.554767893048215,5.890254897139771
2002-06-19,33.4237945872084,12.664806048911618,41.30645070853676,5.902335307757055
2002-06-20,32.318516325586444,13.164434672424173,39.86155375559631,5.466690001987178
2002-06-21,31.346495032194092,13.213523595245574,38.70261204092206,4.872080748268494
2002-06-22,32.572795763514314,14.295898535717658,38.439716698023034,5.159269865206119
2002-06-23,32.282122462395975,15.337520644427501,36.35885275796733,3.9310387474582154
2002-06-24,32.08152637473223,13.479273543888004,36.84059111877635,5.258514708187361
2002-06-25,32.16484537226625,15.151281231158347,36.512851255428004,6.155896283831326
2002-06-26,32.90164130799177,14.571034958970865,34.87930308537361,5.984092217212941
2002-06-27,34.23403031835438,15.77435368036171,35.194436618349165,5.344711580060619
2002-06-28,35.29124479030155,15.66316605536789,35.405474751044565,5.027057131955721
2002-06-29,35.015577168199805,16.98780384707554,35.782268825679495,4.144475856354196
2002-06-30,35.688671602686696,18.43691724045524,36.29919050626776,4.332890225505508
2002-07-01,36.36008044329702,19.27737270113919,37.43068553407494,5.183817124614702
2002-07-02,37.58156519137205,19.38351327306556,38.887787131585725,5.32992695349403
2002-07-03,36.21415042913572,20.477997054072155,39.95371368099805,2.6912250995444627
2002-07-04,37.55123390406109,19.85563670779701,38.58504996246037,1.6092629478342642
2002-07-05,36.47618385775093,19.96053514593841,36.90877564272681,1.3709280984750698
2002-07-06,36.37148439248634,19.5323752445621,36.44902111590368,0.8603782636722891
2002-07-07,37.06836087327741,18.992703737576388,36.621938320421826,0.26388610359675246
2002-07-08,35.718921083290745,18.61750432828718,37.07947699542559,-2.0795602020716286
2002-07-09,35.95620714717146,17.84996009815653,38.35053531243608,-0.5497608753106755
2002-07-10,37.56358364427468,19.05725419263286,39.972275850078354,0.9177135436625481
2002-07-11,37.758254570222945,19.11919174653968,39.9319011301043,1.2539245099767804
2002-07-12,37.90123082629696,19.538704215297333,38.86621934764599,2.148940119361726
2002-07-13,38.3934829295622,18.552625395100602,39.21909327358276,2.717432981110146
2002-07-14,39.1468834583392,18.025516896011492,40.64190552843573,2.221025256152554
2002-07-15,39.78913214687182,19.27709615951445,41.06109681332774,0.08213418318873389
2002-07-16,41.80140024424443,18.47947690306374,41.92276210286921,0.4744616596359578
2002-07-17,43.40932090407274,17.483030068476594,41.03880955946223,-0.4039276304468829
2002-07-18,42.59945821039718,18.591499043342246,40.91491844362483,0.7104482375587848
2002-07-19,44.58796204107221,18.75046184597368,40.033084636229404,-0.24389802935066418
2002-07-20,44.11335959205699,18.71834016604282,39.47603302181635,-1.2114706404837077
2002-07-21,42.736649965587254,19.429550915829136,37.69183962640504,-1.8416731699979714
2002-07-22,41.875180847128654,19.766333063082744,36.8837940920657,-1.935522399080266
2002-07-23,41.76458655284349,18.964687423277677,36.8504750506343,-2.3866372750674056
2002-07-24,43.78714154214602,19.491886880787845,35.109472062698174,-2.5351341510371324
2002-07-25,44.6146358807309,17.633648346576596,34.54524053047881,-3.5068747718044886
2002-07-26,43.88088848611155,15.595836528076475,36.96186956797634,-4.108160181902662
2002-07-27,44.370898001835066,14.314426123671616,38.667400364095506,-4.836940811631362
2002-07-28,44.357466340703404,14.18424049577372,39.0279631871858,-5.8262224773631885
2002-07-29,45.48169070123694,13.321766755405978,40.92219334974883,-4.965004865024424
2002-07-30,44.721643180886275,12.747545387132337,42.601542794928356,-7.010914197338121
2002-07-31,45.172847238880784,12.727107383175946,44.324910156404734,-8.296898717868773
2002-08-01,44.0849771101266,12.384002090635931,44.25949152859968,-7.862421694360529
2002-08-02,43.55408873946975,13.981231063053654,41.25404144120714,-9.039908637358876
2002-08-03,43.91262057745633,16.108608912651647,39.920343530062055,-9.831550919716207
2002-08-04,43.69902777625303,18.42673014308436,38.831090884980206,-7.73190179531567
2002-08-05,44.221914970584265,18.73621938565371,39.885928569880186,-8.324276399849994
2002-08-06,42.86139929509864,20.67249180587072,38.77870762399125,-7.559022687763329
2002-08-07,43.11168647046619,19.104534085681948,37.76838152184203,-7.184749842866448
2002-08-08,44.374339618089614,17.94022599802725,38.146051006251454,-7.988612461851035
2002-08-09,44.45696553088824,18.227357797993186,38.51819215346225,-9.762734234652852
2002-08-10,44.373083488997786,19.49738850296807,38.35820986337475,-9.469518999095788
2002-08-11,45.16303933801678,19.55103397713997,37.73737426916367,-9.722751430615363
2002-08-12,46.17491817977053,20.988291992598747,36.13234368696633,-9.546884921982873
2002-08-13,47.24194305031562,20.96216559438568,36.38391738479464,-9.403617950770446
2002-08-14,48.44776186070937,20.73942021310236,35.21036441216577,-7.189825167597334
2002-08-15,49.54585777261233,20.5624655344334,35.37774327604829,-7.405309561333325
2002-08-16,51.294523022029324,20.083786080987394,33.988387395939185,-5.930030318051405
2002-08-17,50.12609353490501,19.317448201294585,33.3689716773913,-6.112858160048495
2002-08-18,49.59182150430876,21.2135429566681,33.08509929247773,-6.408728492693852
2002-08-19,50.12439767981938,21.057533978190882,33.38925691216178,-7.087034845174307
2002-08-20,50.44849327183339,22.097067843362872,31.949250842353738,-7.342090587887867
2002-08-21,52.085218390830086,20.670873006726197,32.65990200817798,-6.696696829035651
2002-08-22,50.652651862992705,19.798196127068735,34.5823373889437,-8.255467524509152
2002-08-23,48.556982475297914,20.038961269737715,34.55288231419165,-8.795891913973497
2002-08-24,47.79647451594942,18.65546037208995,35.74523218122253,-8.932226458443989
2002-08-25,48.769841017149965,19.107605287471966,37.290654587858164,-8.409295231692997
2002-08-26,48.32411352342748,19.701879590480864,38.11435285208014,-10.893978614352157
2002-08-27,47.33551029307576,19.763746987246705,38.70004560987681,-10.980749508868117
2002-08-28,48.215015494217816,20.05600051116838,38.64453967048235,-11.129268909554797
2002-08-29,49.01937654116844,21.63821419920441,39.51349551562513,-9.789133835073914
2002-08-30,49.46858766772562,20.925031909119365,39.37158542160261,-9.810998054527445
2002-08-31,49.1150041923167,18.610376089475785,40.08157518562677,-10.472837735159118
2002-09-01,48.005262617127315,19.157032357634616,38.809288627610904,-9.261981613675742
2002-09-02,49.21988442335445,18.081419860330406,38.840245526386674,-9.59660553207521
2002-09-03,51.3944458463901,18.489321343627008,39.186295620459134,-10.187495800203143
2002-09-04,50.86984865429791,17.286682562471675,40.72840944870564,-8.25359094193055
2002-09-05,51.526514367736155,18.15888723896932,39.069355709316675,-8.30180532261684
2002-09-06,50.168981391291126,17.62346817287585,39.07556540979559,-8.196267660228452
2002-09-07,50.932493282440255,17.71926710370299,40.28980726541206,-6.422331588943482
2002-09-08,50.41481242192768,16.783024176915475,40.30330118601015,-6.3094142204985895
2002-09-09,52.524457824844816,15.884208412268837,40.267837233919636,-5.6490564364579186
2002-09-10,54.222408532123495,16.19035272569012,40.63539927685115,-3.3798643632043657
2002-09-11,52.42541665482593,15.24378716898392,39.10606819093725,-1.5149408929532977
2002-09-12,53.91675945358792,14.80111540715634,37.67694748610945,-1.0243318230978267
2002-09-13,53.71279827254344,14.31489529161548,38.8049869359463,0.6834862420788188
2002-09-14,52.75329673987646,15.359384314284961,38.30284145412197,1.7024425055953214
2002-09-15,50.494851531583535,15.51667346014823,38.18509245794985,1.2307243742604437
2002-09-16,49.49286976220204,15.457871372527155,36.342176848775885,0.5583706524327804
2002-09-17,48.66200950406554,16.947476570843016,35.682340992841546,0.9046610356307019
2002-09-18,48.23444510588726,15.959554103632964,35.91369713592831,-1.681450615634772
2002-09-19,49.02666488209064,14.693857918047662,36.208848978708886,-2.1996239616793525
2002-09-20,49.27502774155367,13.030732503900651,37.22593663790669,-3.8978512017746354
2002-09-21,48.356286667363676,11.80941548154116,38.07807287792751,-2.330584196624735
2002-09-22,49.79557452257571,13.096365463559602,36.99464646747432,-1.1528691659571058
2002-09-23,49.49032089717867,13.861953607008862,35.937017137496014,-0.19159959663371384
2002-09-24,50.87454874132551,13.533523827614435,35.381139934784805,0.1726932716963414
2002-09-25,49.95079198198744,12.283871081931927,33.532978621382064,0.23359002254451344
2002-09-26,47.54336905736635,11.79753623401448,34.02620527150729,0.7087724973060898
